University, Score
KazNU, 0.607317
NU, 0.366392
KBTU, 0.366172
KazNPU, 0.306042
Satbayev, 0.291504
ENU, 0.285563
ATU, 0.268919
SDU, 0.261198
