University, Score
KazNU, 6.07317
NU, 3.66392
KBTU, 3.66172
KazNPU, 3.06042
Satbayev, 2.91504
ENU, 2.85563
ATU, 2.68919
SDU, 2.61198
